A	docs/evidence/local-real-play/checks.json
A	docs/evidence/local-real-play/local-sign-in.png
A	docs/evidence/local-real-play/production-isolation.json
A	docs/evidence/local-real-play/real-live-short-desktop.png
A	docs/evidence/local-real-play/real-live-thinking-mobile.png
A	docs/evidence/local-real-play/verification.json
A	docs/evidence/modes/modes-verification.json
A	docs/evidence/phase-a-final/01-390-active.png
A	docs/evidence/phase-a-final/02-390-thinking.png
A	docs/evidence/phase-a-final/03-390-tentative.png
A	docs/evidence/phase-a-final/04-390-pause-request.png
A	docs/evidence/phase-a-final/05-320-active.png
A	docs/evidence/phase-a-final/06-390-more-sheet.png
A	docs/evidence/phase-a-final/07-390-more-bag.png
A	docs/evidence/phase-a-final/08-390-match-menu.png
A	docs/evidence/phase-a-final/09-tablet-portrait.png
A	docs/evidence/phase-a-final/10-tablet-landscape.png
A	docs/evidence/phase-a-final/11-laptop-13.png
A	docs/evidence/phase-a-final/12-laptop-tentative.png
A	docs/evidence/phase-a-final/13-desktop-1080p.png
A	docs/evidence/phase-a-final/14-desktop-wide.png
A	docs/evidence/phase-a-final/15-short-1280x560.png
A	docs/evidence/phase-a-final/16-desktop-notes.png
A	docs/evidence/phase-a-final/17-desktop-last-exchange.png
A	docs/evidence/phase-a-final/18-desktop-last-place.png
A	docs/evidence/phase-a-final/19-desktop-pause-request.png
A	docs/evidence/phase-a-final/20-desktop-paused.png
A	docs/evidence/phase-a-final/21-desktop-result.png
A	docs/evidence/phase-a-final/22-390-result.png
A	docs/evidence/phase-a-final/23-physical-host.png
A	docs/evidence/phase-a-final/24-phone-landscape.png
A	docs/evidence/phase-a-final/25-375-active.png
A	docs/evidence/phase-a-final/26-tablet-large.png
A	docs/evidence/phase-a-final/27-laptop-1280.png
A	docs/evidence/phase-a-final/28-390-practice.png
A	docs/evidence/phase-a-final/build-scan.json
A	docs/evidence/phase-a-final/checks.json
A	docs/evidence/phase-a-final/contact-desktop-layout.png
A	docs/evidence/phase-a-final/contact-desktop-workspace.png
A	docs/evidence/phase-a-final/contact-phone-states.png
A	docs/evidence/phase-a-final/contact-phone-tools.png
A	docs/evidence/phase-a-final/engine-unrelated.log
A	docs/evidence/phase-a-final/focused-tests-final.log
A	docs/evidence/phase-a-final/index.html
A	docs/evidence/phase-a-final/manifest.json
A	docs/evidence/phase-a-final/normal-local-login.png
A	docs/evidence/phase-a-final/security-browser-final.log
A	docs/evidence/phase-a-final/security-result-lifecycle.log
A	docs/evidence/phase-a-final/shell-browser-38-specs.log
A	docs/evidence/phase-a-final/shell-browser-final.log
A	docs/evidence/phase-a-final/visual-result-final.log
A	docs/evidence/phase-b/baseline-lan.json
A	docs/evidence/phase-b/baseline-local.json
A	docs/evidence/phase-b/boundary.json
A	docs/evidence/phase-b/impairment-lan.json
A	docs/evidence/phase-b/impairment-local.json
A	docs/evidence/phase-b/two-client-lan.json
A	docs/evidence/phase-b/two-client-local.json
A	docs/evidence/phone-round2/01-phone-live.png
A	docs/evidence/phone-round2/02-tiny-board.png
A	docs/evidence/phone-round2/03-two-digit-closeup.png
A	docs/evidence/phone-round2/04-tiny-board-points.png
A	docs/evidence/phone-round2/05-selected-rack-tile.png
A	docs/evidence/phone-round2/06-selected-board-tile.png
A	docs/evidence/phone-round2/07-alternative-selected.png
A	docs/evidence/phone-round2/08-alternative-picker-edit.png
A	docs/evidence/phone-round2/09a-return-holding.png
A	docs/evidence/phone-round2/09b-returned-to-slot.png
A	docs/evidence/phone-round2/10-arrow-right.png
A	docs/evidence/phone-round2/11-arrow-down.png
A	docs/evidence/phone-round2/12-arrow-escaped.png
A	docs/evidence/phone-round2/13-timerless-hud.png
A	docs/evidence/phone-round2/13b-timerless-full.png
A	docs/evidence/phone-round2/14-my-perspective-lead.png
A	docs/evidence/phone-round2/15-controls.png
A	docs/evidence/phone-round2/15b-hud-controls.png
A	docs/evidence/phone-round2/16-more-expanded.png
A	docs/evidence/phone-round2/17-more-peek.png
A	docs/evidence/phone-round2/18-turn-log-many.png
A	docs/evidence/phone-round2/18b-view-position.png
A	docs/evidence/phone-round2/19-long-expression.png
A	docs/evidence/phone-round2/20-notes-focused.png
A	docs/evidence/phone-round2/21-desktop-long.png
A	docs/evidence/phone-round2/22-desktop-selection.png
A	docs/evidence/phone-round2/23-desktop-short.png
A	docs/evidence/phone-round2/manifest.json
A	docs/evidence/phone-round2/real-01-phone-live.png
A	docs/evidence/phone-round2/real-02-holding-board-tile.png
A	docs/evidence/phone-round2/real-03-arrow.png
A	docs/evidence/phone-round2/real-04-notes-focused.png
A	docs/evidence/phone-round2/real-05-sheet-peek.png
A	docs/evidence/phone-round2/real-06-view-position.png
A	docs/evidence/phone-round2/real-verification.json
A	docs/evidence/po-ux-review/01-phone-active.png
A	docs/evidence/po-ux-review/02-phone-thinking.png
A	docs/evidence/po-ux-review/03-phone-operator-chooser.png
A	docs/evidence/po-ux-review/04-phone-blank-chooser.png
A	docs/evidence/po-ux-review/05-phone-exchange-selection.png
A	docs/evidence/po-ux-review/06-phone-tentative.png
A	docs/evidence/po-ux-review/07-hud-score-lead-clocks.png
A	docs/evidence/po-ux-review/08-unseen-strip.png
A	docs/evidence/po-ux-review/09-phone-320.png
A	docs/evidence/po-ux-review/09b-phone-320-short.png
A	docs/evidence/po-ux-review/10-tablet.png
A	docs/evidence/po-ux-review/11-laptop-13.png
A	docs/evidence/po-ux-review/12-desktop-1080p.png
A	docs/evidence/po-ux-review/13-short-1280x560.png
A	docs/evidence/po-ux-review/13b-desktop-chooser.png
A	docs/evidence/po-ux-review/14-number-tile.png
A	docs/evidence/po-ux-review/14b-operator-tiles.png
A	docs/evidence/po-ux-review/15-plus-minus-open.png
A	docs/evidence/po-ux-review/16-times-divide-open.png
A	docs/evidence/po-ux-review/17-selected-alternative.png
A	docs/evidence/po-ux-review/18-tentative-tile.png
A	docs/evidence/po-ux-review/18b-tentative-column.png
A	docs/evidence/po-ux-review/19-last-move-tile.png
A	docs/evidence/po-ux-review/20-exchange-selected-rack.png
A	docs/evidence/po-ux-review/index.html
A	docs/evidence/po-ux-review/manifest.json
A	docs/evidence/po-ux-review/real-01-phone-active.png
A	docs/evidence/po-ux-review/real-02-phone-thinking.png
A	docs/evidence/po-ux-review/real-03-phone-exchange-drag.png
A	docs/evidence/po-ux-review/real-04-phone-alternative-chooser.png
A	docs/evidence/po-ux-review/real-05-phone-tentative-chosen.png
A	docs/evidence/po-ux-review/real-verification.json
A	docs/evidence/po-ux-review/sheet-1-phone-states.png
A	docs/evidence/po-ux-review/sheet-2-devices.png
A	docs/evidence/po-ux-review/sheet-3-closeups.png
A	docs/evidence/po-ux-review/sheet-4-real-app.png
A	docs/local-real-play-auth-2026-10-03.md
A	docs/mode-matrix-2026-10-03.md
A	docs/phase-a-local-run-2026-10-03.md
A	docs/phase-a-takeover-2026-10-03.md
A	docs/phase-b-baseline-2026-10-03.md
A	docs/phase-b-tentative-sync-protocol.md
A	docs/phone-review-round2-2026-10-03.md
A	docs/po-ux-review-2026-10-03.md
A	docs/unified-live-game-ux-design-2026-10-03.md
A	playwright.live-shell.config.ts
A	playwright.local-realplay.config.ts
M	src/app/AppRoot.tsx
M	src/app/NonPlayApplication.tsx
M	src/auth.tsx
M	src/components/pages/ArchiveReplayPage.tsx
M	src/components/pages/ranked/RankedMatchPage.tsx
M	src/components/ui/OverflowMenu.tsx
M	src/components/ui/Sheet.tsx
A	src/dev/LocalPasswordSignIn.tsx
M	src/i18n/messages/en.ts
M	src/i18n/messages/th.ts
M	src/liveGame/CompatibilityControls.tsx
M	src/liveGame/DevelopmentSources.tsx
M	src/liveGame/HostedControls.tsx
M	src/liveGame/LivePage.tsx
M	src/liveGame/LivePractice.tsx
M	src/liveGame/PhysicalControls.tsx
A	src/liveGame/ToolSection.tsx
M	src/liveGame/client.ts
M	src/liveGame/projection.ts
A	src/liveGame/shell/BottomSheet.tsx
A	src/liveGame/shell/FacePicker.tsx
A	src/liveGame/shell/GuardedButton.tsx
A	src/liveGame/shell/LeftoverNotes.tsx
A	src/liveGame/shell/LiveBoard.tsx
A	src/liveGame/shell/LiveGameScreen.tsx
A	src/liveGame/shell/LiveGameShell.tsx
A	src/liveGame/shell/LiveRack.tsx
A	src/liveGame/shell/MatchControls.tsx
A	src/liveGame/shell/Scoreboard.tsx
A	src/liveGame/shell/TileGlyph.tsx
A	src/liveGame/shell/TurnActions.tsx
A	src/liveGame/shell/attention.ts
A	src/liveGame/shell/completion.ts
A	src/liveGame/shell/derive.ts
A	src/liveGame/shell/dev/ShellFixture.tsx
A	src/liveGame/shell/fixtureRoute.ts
A	src/liveGame/shell/layout.ts
A	src/liveGame/shell/live-shell.css
A	src/liveGame/shell/model.ts
A	src/liveGame/shell/panels.tsx
A	src/liveGame/shell/terminalHold.ts
A	src/liveGame/shell/tools.tsx
A	src/liveGame/shell/useLiveMatch.ts
A	src/liveGame/shell/useTentativeSync.ts
A	src/liveGame/shell/useTurnDraft.ts
A	src/liveGame/shell/workspace.ts
A	src/liveGame/shell/workspaceUser.ts
A	src/liveGame/tentative.ts
M	src/main.tsx
M	src/play-styles.css
M	src/styles/application.css
M	src/vite-env.d.ts
M	supabase/functions/live-game/handler.ts
M	supabase/functions/live-game/index.js
M	supabase/functions/live-game/index.ts
A	supabase/migrations/20261003120000_live_tentative_relay.sql
A	tests/live-play-layout.test.tsx
M	tests/live-security-browser/capabilities.spec.ts
M	tests/live-security-browser/compatibility.spec.ts
M	tests/live-security-browser/release.spec.ts
A	tests/live-security-browser/result.spec.ts
M	tests/live-security-browser/security.spec.ts
M	tests/live-security-browser/solo.spec.ts
A	tests/live-shell-browser/behaviour.spec.ts
A	tests/live-shell-browser/helpers.ts
A	tests/live-shell-browser/round2.spec.ts
A	tests/live-shell-browser/ux-review.spec.ts
A	tests/live-shell-browser/visual.spec.ts
A	tests/live-shell-interaction.test.tsx
A	tests/live-shell-layout.test.ts
A	tests/live-shell-modes.test.tsx
A	tests/live-shell-screen.test.tsx
A	tests/live-shell-units.test.tsx
A	tests/live-tentative-convergence.test.tsx
A	tests/live-tentative-protocol.test.ts
A	tests/local-password-sign-in.test.tsx
A	tests/local-realplay/lan.spec.ts
A	tests/local-realplay/manual.spec.ts
A	tests/local-realplay/modes-kit.ts
A	tests/local-realplay/modes.spec.ts
A	tests/local-realplay/po-ux.spec.ts
A	tests/local-realplay/round2.spec.ts
A	tests/local-realplay/tentative-boundary.spec.ts
A	tests/local-realplay/tentative.spec.ts
M	tests/ranked-play-ui.test.tsx
A	tools/phase-a/contact-sheets.mjs
A	tools/phase-a/final-checks.mjs
A	tools/phase-a/local-accounts.mjs
A	tools/phase-a/local-production-check.mjs
A	tools/phase-a/local.mjs
A	tools/phase-a/scan-build.mjs
A	tools/phase-a/security-gate.mjs
M	vite.config.ts
